claim_id,claim,earliest_relevant_source,textual_integrity,independence,proximity,proclamation_dependence,source_relationship,alternative_explanations,prior_module_effects,status,confidence,notes
HIS-001,A historical individual named Jesus existed,,,,,,,,,UNREVIEWED,,
HIS-002,The individual was Jewish,,,,,,,,,UNREVIEWED,,
HIS-003,The individual was associated with James described as the Lord's brother,,,,,,,,,UNREVIEWED,,
HIS-004,The individual was associated with Cephas/Peter,,,,,,,,,UNREVIEWED,,
HIS-005,The individual was crucified,,,,,,,,,UNREVIEWED,,
HIS-006,The crucifixion occurred under Pontius Pilate,,,,,,,,,UNREVIEWED,,
HIS-007,The individual was associated with Nazareth,,,,,,,,,UNREVIEWED,,
HIS-008,The individual had a disciple group remembered as the Twelve,,,,,,,,,UNREVIEWED,,
HIS-009,The individual proclaimed or was associated with proclamation of the kingdom of God,,,,,,,,,UNREVIEWED,,
